step	loss_train
0	8.80236530303955
1	8.807329177856445
2	8.805848121643066
3	8.80717658996582
4	8.8051176071167
5	8.80368709564209
6	8.801360130310059
7	8.795528411865234
8	8.790149688720703
9	8.784655570983887
10	8.777024269104004
11	8.768738746643066
12	8.759581565856934
13	8.750321388244629
14	8.740102767944336
15	8.728610038757324
16	8.717235565185547
17	8.704715728759766
18	8.691744804382324
19	8.678271293640137
20	8.664000511169434
21	8.648909568786621
22	8.633601188659668
23	8.61762523651123
24	8.601223945617676
25	8.584158897399902
26	8.566864967346191
27	8.549650192260742
28	8.53184700012207
29	8.513925552368164
30	8.495530128479004
31	8.477190971374512
32	8.45828628540039
33	8.439203262329102
34	8.420348167419434
35	8.40136432647705
36	8.3821439743042
37	8.363003730773926
38	8.344197273254395
39	8.325506210327148
40	8.306625366210938
41	8.28788948059082
42	8.269254684448242
43	8.25035285949707
44	8.23192310333252
45	8.213434219360352
46	8.195270538330078
47	8.177077293395996
48	8.159233093261719
49	8.141435623168945
50	8.123932838439941
51	8.106592178344727
52	8.089561462402344
53	8.072839736938477
54	8.056257247924805
55	8.0399751663208
56	8.023881912231445
57	8.008086204528809
58	7.992321968078613
59	7.977075576782227
60	7.961798191070557
61	7.946750640869141
62	7.931933879852295
63	7.917425155639648
64	7.903046131134033
65	7.889031410217285
66	7.875246047973633
67	7.861629009246826
68	7.848104953765869
69	7.834877014160156
70	7.8220696449279785
71	7.809357643127441
72	7.796804904937744
73	7.7844438552856445
74	7.772117614746094
75	7.760112762451172
76	7.748265743255615
77	7.736613750457764
78	7.725155830383301
79	7.713859558105469
80	7.702673435211182
81	7.691588401794434
82	7.680957317352295
83	7.670248985290527
84	7.659668922424316
85	7.6492133140563965
86	7.6389055252075195
87	7.6287007331848145
88	7.618578910827637
89	7.6085991859436035
90	7.598769664764404
91	7.589016437530518
92	7.579417705535889
93	7.569876670837402
94	7.56040620803833
95	7.551176071166992
96	7.542013645172119
97	7.532904148101807
98	7.52383279800415
99	7.5148024559021
100	7.5059380531311035
101	7.497139930725098
102	7.488317489624023
103	7.479602336883545
104	7.4709296226501465
105	7.4623847007751465
106	7.453813552856445
107	7.445328235626221
108	7.436840534210205
109	7.428615093231201
110	7.420351982116699
111	7.412137031555176
112	7.404008865356445
113	7.395893096923828
114	7.38787317276001
115	7.379842281341553
116	7.371895790100098
117	7.363954544067383
118	7.3559489250183105
119	7.348278999328613
120	7.340487957000732
121	7.332696437835693
122	7.32493782043457
123	7.31709098815918
124	7.309412479400635
125	7.301748752593994
126	7.2942633628845215
127	7.2866058349609375
128	7.279074668884277
129	7.271616458892822
130	7.264069557189941
131	7.256684303283691
132	7.249229907989502
133	7.241903781890869
134	7.2345499992370605
135	7.227240085601807
136	7.219730377197266
137	7.212281227111816
138	7.2048163414001465
139	7.197421550750732
140	7.19005012512207
141	7.182667255401611
142	7.1752238273620605
143	7.167989253997803
144	7.160608291625977
145	7.153271675109863
146	7.146060943603516
147	7.138749599456787
148	7.131447792053223
149	7.124194145202637
150	7.116942405700684
151	7.1097731590271
152	7.102443218231201
153	7.0952277183532715
154	7.087998390197754
155	7.0806884765625
156	7.073434829711914
157	7.06630277633667
158	7.059027671813965
159	7.051826477050781
160	7.044618606567383
161	7.037352085113525
162	7.0301513671875
163	7.022860527038574
164	7.015573978424072
165	7.008309841156006
166	7.001091480255127
167	6.993732452392578
168	6.986462593078613
169	6.97914981842041
170	6.971837997436523
171	6.964456081390381
172	6.957122325897217
173	6.949809551239014
174	6.942416191101074
175	6.935122489929199
176	6.927870273590088
177	6.92050838470459
178	6.913074970245361
179	6.9057230949401855
180	6.898406982421875
181	6.891106128692627
182	6.88377571105957
183	6.876349925994873
184	6.868868827819824
185	6.861438274383545
186	6.853961944580078
187	6.846601963043213
188	6.8391289710998535
189	6.831630229949951
190	6.824138164520264
191	6.816547393798828
192	6.8089470863342285
193	6.801363468170166
194	6.793875694274902
195	6.7862629890441895
196	6.778656959533691
197	6.771099090576172
198	6.763370037078857
199	6.755791187286377
200	6.748157501220703
201	6.740471839904785
202	6.732729911804199
203	6.7250075340271
204	6.717290878295898
205	6.7096266746521
206	6.70183801651001
207	6.694051742553711
208	6.686234951019287
209	6.678452968597412
210	6.670711040496826
211	6.662905693054199
212	6.65511417388916
213	6.6472625732421875
214	6.639312744140625
215	6.631392955780029
216	6.623449802398682
217	6.615479469299316
218	6.607471466064453
219	6.599398612976074
220	6.591407299041748
221	6.583308219909668
222	6.5752458572387695
223	6.567173480987549
224	6.559059143066406
225	6.550953388214111
226	6.542810440063477
227	6.534641265869141
228	6.526454925537109
229	6.518235206604004
230	6.50998067855835
231	6.501687526702881
232	6.493431091308594
233	6.485143184661865
234	6.476921081542969
235	6.468547821044922
236	6.460171222686768
237	6.451773643493652
238	6.4433465003967285
239	6.434876441955566
240	6.426449775695801
241	6.418014049530029
242	6.4094672203063965
243	6.40089750289917
244	6.3923516273498535
245	6.383797645568848
246	6.375157833099365
247	6.366460800170898
248	6.35776424407959
249	6.349118232727051
250	6.340480804443359
251	6.331739902496338
252	6.323004245758057
253	6.314244747161865
254	6.305403709411621
255	6.29655122756958
256	6.287717819213867
257	6.2787957191467285
258	6.269842624664307
259	6.2609453201293945
260	6.252018451690674
261	6.243025779724121
262	6.234047889709473
263	6.224947929382324
264	6.2158989906311035
265	6.206897258758545
266	6.197833061218262
267	6.188657283782959
268	6.179470062255859
269	6.1702985763549805
270	6.161020278930664
271	6.151770114898682
272	6.142479419708252
273	6.133189678192139
274	6.123847484588623
275	6.114518165588379
276	6.105177879333496
277	6.095819473266602
278	6.086378574371338
279	6.0769476890563965
280	6.067467212677002
281	6.057981491088867
282	6.048455238342285
283	6.038928985595703
284	6.02937126159668
285	6.019801139831543
286	6.010224342346191
287	6.000575542449951
288	5.990891933441162
289	5.98118257522583
290	5.971409797668457
291	5.96169900894165
292	5.951949596405029
293	5.942214012145996
294	5.932384014129639
295	5.922534942626953
296	5.9127092361450195
297	5.902827739715576
298	5.892955780029297
299	5.883025646209717
300	5.873040199279785
301	5.863051414489746
302	5.853045463562012
303	5.843039512634277
304	5.833085536956787
305	5.823086738586426
306	5.812982082366943
307	5.802882194519043
308	5.792727947235107
309	5.7826056480407715
310	5.772357940673828
311	5.7621331214904785
312	5.751883506774902
313	5.741677761077881
314	5.731410503387451
315	5.721135139465332
316	5.710830211639404
317	5.700527667999268
318	5.690181255340576
319	5.679771900177002
320	5.669354438781738
321	5.658966541290283
322	5.648523807525635
323	5.638091564178467
324	5.627678871154785
325	5.617195129394531
326	5.606711387634277
327	5.5962090492248535
328	5.585705757141113
329	5.575179576873779
330	5.564658164978027
331	5.55416202545166
332	5.543531894683838
333	5.532927513122559
334	5.522315502166748
335	5.511685848236084
336	5.501059532165527
337	5.4903974533081055
338	5.4797234535217285
339	5.469034194946289
340	5.458366870880127
341	5.447625160217285
342	5.436877250671387
343	5.426117897033691
344	5.415401935577393
345	5.404639720916748
346	5.393899917602539
347	5.383141040802002
348	5.372384548187256
349	5.361552715301514
350	5.3508172035217285
351	5.340001106262207
352	5.329195499420166
353	5.318357467651367
354	5.307626724243164
355	5.2968244552612305
356	5.286047458648682
357	5.27524995803833
358	5.264420032501221
359	5.25363826751709
360	5.242836952209473
361	5.232035160064697
362	5.22125244140625
363	5.2104387283325195
364	5.199612617492676
365	5.188843727111816
366	5.178033828735352
367	5.167214393615723
368	5.156416893005371
369	5.1456804275512695
370	5.134891510009766
371	5.124113082885742
372	5.113349437713623
373	5.102602481842041
374	5.091873645782471
375	5.081136703491211
376	5.070396900177002
377	5.059715747833252
378	5.048933982849121
379	5.038272380828857
380	5.027610778808594
381	5.016962051391602
382	5.006340026855469
383	4.995717525482178
384	4.98504638671875
385	4.974403381347656
386	4.96388578414917
387	4.953345775604248
388	4.942821025848389
389	4.932264804840088
390	4.921820163726807
391	4.911336421966553
392	4.900864601135254
393	4.890395641326904
394	4.879915714263916
395	4.8695197105407715
396	4.859104156494141
397	4.848762035369873
398	4.838422775268555
399	4.828094005584717
400	4.817783832550049
401	4.807525634765625
402	4.797308921813965
403	4.787101745605469
404	4.776891231536865
405	4.766687870025635
406	4.756551742553711
407	4.746414661407471
408	4.73631477355957
409	4.726278305053711
410	4.716230392456055
411	4.706245422363281
412	4.69628381729126
413	4.6863837242126465
414	4.676460266113281
415	4.666569232940674
416	4.656641483306885
417	4.646771430969238
418	4.637041091918945
419	4.62725305557251
420	4.617459774017334
421	4.607775688171387
422	4.598081588745117
423	4.588418483734131
424	4.578804969787598
425	4.569262504577637
426	4.559747219085693
427	4.550257205963135
428	4.540738105773926
429	4.531248092651367
430	4.521819591522217
431	4.512474536895752
432	4.503087520599365
433	4.493730068206787
434	4.484421730041504
435	4.475113868713379
436	4.465929985046387
437	4.456693649291992
438	4.447463035583496
439	4.438277721405029
440	4.429107189178467
441	4.4200663566589355
442	4.4109578132629395
443	4.402000904083252
444	4.392971038818359
445	4.383976936340332
446	4.375082969665527
447	4.366164684295654
448	4.357245922088623
449	4.3484086990356445
450	4.339529037475586
451	4.330727577209473
452	4.321970462799072
453	4.313205242156982
454	4.304541110992432
455	4.295868873596191
456	4.287219524383545
457	4.278626441955566
458	4.270059585571289
459	4.261512756347656
460	4.253014087677002
461	4.244491100311279
462	4.236080646514893
463	4.227652549743652
464	4.219261169433594
465	4.210878849029541
466	4.202552318572998
467	4.194286823272705
468	4.186031341552734
469	4.177826404571533
470	4.169583797454834
471	4.161419868469238
472	4.153263092041016
473	4.1451215744018555
474	4.137043476104736
475	4.1290178298950195
476	4.120991230010986
477	4.1129231452941895
478	4.104948043823242
479	4.096965312957764
480	4.089028358459473
481	4.081148624420166
482	4.073264122009277
483	4.065400123596191
484	4.057579040527344
485	4.049822807312012
486	4.04210090637207
487	4.0343918800354
488	4.026714324951172
489	4.019029140472412
490	4.011352062225342
491	4.003753662109375
492	3.996136426925659
493	3.988565444946289
494	3.9809772968292236
495	3.9734792709350586
496	3.9659879207611084
497	3.95851993560791
498	3.9510691165924072
499	3.943660020828247
500	3.936241865158081
501	3.9288461208343506
502	3.9214930534362793
503	3.9141786098480225
504	3.9068520069122314
505	3.899580240249634
506	3.892331600189209
507	3.885092258453369
508	3.8778810501098633
509	3.8707022666931152
510	3.8635141849517822
511	3.856389045715332
512	3.8492729663848877
513	3.842200756072998
514	3.8351235389709473
515	3.8281006813049316
516	3.8210763931274414
517	3.8140995502471924
518	3.80708909034729
519	3.800118923187256
520	3.7931923866271973
521	3.7862801551818848
522	3.779409170150757
523	3.772561550140381
524	3.765719413757324
525	3.758899450302124
526	3.7521159648895264
527	3.7453722953796387
528	3.7386090755462646
529	3.7318851947784424
530	3.7251696586608887
531	3.718489646911621
532	3.7118172645568848
533	3.705177068710327
534	3.6985650062561035
535	3.691978931427002
536	3.685420036315918
537	3.6788666248321533
538	3.6723430156707764
539	3.665841817855835
540	3.659372091293335
541	3.652900457382202
542	3.6464786529541016
543	3.6400556564331055
544	3.633671522140503
545	3.6272997856140137
546	3.62093448638916
547	3.61460542678833
548	3.608271360397339
549	3.6019866466522217
550	3.595714569091797
551	3.5894548892974854
552	3.5832111835479736
553	3.5769894123077393
554	3.5707826614379883
555	3.564602851867676
556	3.5584399700164795
557	3.5522966384887695
558	3.5461649894714355
559	3.5400848388671875
